标题,案件类别,案由,经办法院,内容,省级行政区,LLM拼接内容,类型,详情链接,相似度评分,ID
"裴某与范某赠与合同纠纷调解案
人民调解参与化解赠与合同纠纷",民事案件,"['合同、准合同纠纷', '赠与合同纠纷', '合同纠纷']",汤阴县人民法院,"案件基本情况：裴某与范某原系情侣，2021年10月至2023年5月恋爱期间，裴某多次向范某转账共计约11万元。后两人分手，裴某认为转账是以结婚为目的，要求范某返还；范某认为款项为表达爱意的自愿赠与且部分已共同消费，不同意返还。
处理方式方法：法院委托人民调解员调解。调解员梳理材料和转账记录，确定“面对面”+“背对背”调解方案。先“面对面”调解，双方争执不下；后“背对背”调解，对范某释明小额特殊意义款项属赠与可不返还，大额超出一般赠与范畴且结合裴某经济能力属以结婚为前提的赠与，现分手应按比例返还，范某认可部分共同消费并出具截图；对裴某展示共同消费证据，明确共同消费款项范某可不返还并劝导换位思考。经多轮沟通，双方达成一致。
处理结果：双方达成调解协议，范某向裴某返还65000元，并当场履行完毕。
解纷依据：《中华人民共和国民法典》第158条
处理方式方法：随着移动支付的普及，情侣间通过红包转账的方式表达心意已成常态，但感情破裂时如何界定这种转账行为的法律性质也成为化解矛盾的难点。本案中，人民调解员在法官指导下，综合运用“面对面”、“背对背”调解方法，通过核查转账款项、确定转账性质、释法明理，做通双方思想工作，找准诉争款项平衡点，促推纠纷实质化解。在调解过程中，调解员注重法、理、情相融合，缓和双方对立情绪，积极修复受损的人际关系，最终促使纠纷一次性、高效率化解，双方和平分手，取得了良好效果。",河南,"null##案件基本情况：裴某与范某原系情侣，2021年10月至2023年5月恋爱期间，裴某多次向范某转账共计约11万元。后两人分手，裴某认为转账是以结婚为目的，要求范某返还；范某认为款项为表达爱意的自愿赠与且部分已共同消费，不同意返还。
处理方式方法：法院委托人民调解员调解。调解员梳理材料和转账记录，确定“面对面”+“背对背”调解方案。先“面对面”调解，双方争执不下；后“背对背”调解，对范某释明小额特殊意义款项属赠与可不返还，大额超出一般赠与范畴且结合裴某经济能力属以结婚为前提的赠与，现分手应按比例返还，范某认可部分共同消费并出具截图；对裴某展示共同消费证据，明确共同消费款项范某可不返还并劝导换位思考。经多轮沟通，双方达成一致。
处理结果：双方达成调解协议，范某向裴某返还65000元，并当场履行完毕。
解纷依据：《中华人民共和国民法典》第158条
处理方式方法：随着移动支付的普及，情侣间通过红包转账的方式表达心意已成常态，但感情破裂时如何界定这种转账行为的法律性质也成为化解矛盾的难点。本案中，人民调解员在法官指导下，综合运用“面对面”、“背对背”调解方法，通过核查转账款项、确定转账性质、释法明理，做通双方思想工作，找准诉争款项平衡点，促推纠纷实质化解。在调解过程中，调解员注重法、理、情相融合，缓和双方对立情绪，积极修复受损的人际关系，最终促使纠纷一次性、高效率化解，双方和平分手，取得了良好效果。",解纷案例,https://ydzk.chineselaw.com/ydzk/caseDetail/qwcase/1911d1c4612f47fa919ce7e745e1e311,6.8351836,1911d1c4612f47fa919ce7e745e1e311
"某商贸公司与某保健院买卖合同纠纷调解案
综治中心化解涉医用耗材买卖合同纠纷",民事案件,"['合同、准合同纠纷', '合同纠纷', '买卖合同纠纷']",河南省安阳市中级人民法院,"案件基本情况：某商贸公司与某保健院签订《医疗机构医用耗材购销合同》，约定商贸公司向保健院供应一批医用耗材，合同总金额254823.54元。商贸公司按约供货并经保健院检验合格接收，但保健院未按约定支付货款，商贸公司催要无果后诉至法院，请求给付货款并按合同约定支付违约金。
裁判分析：本案争议焦点为付款方案是一次性付清还是分期支付。商贸公司已履行货物交付义务，主张按合同约定一次性支付货款；保健院因资金运转紧张请求分期履行并免除违约金。处理方式上，法院征得当事人同意后委托入驻综治中心调解员在法官指导下先行调解，调解员梳理案情核定证据，明确争议焦点，法官向保健院释明资金周转困难不能成为违约责任理由，进入审理程序可能承担额外成本，调解员向商贸公司说明保健院作为公共服务机构的特殊性，建议给予适当缓冲期，最终促使双方达成和解。
处理结果：双方达成和解，某保健院于2025年7月先偿还医用耗材款254823.54元的五分之一，剩余五分之四分期偿还完毕。
解纷依据：《中华人民共和国民法典》第577条、第579条、第628条
处理方式方法：本案系某保健院未及时支付货款引发的买卖合同纠纷。民营企业是社会经济发展的重要组成部分，通过调解等方式高效化解纠纷，可有效助企纾困，促进民营企业健康发展。本案中，法院快速启动先行调解程序，有效降低民营企业解纷成本，避免因纠纷久拖不决影响企业正常经营。调解过程中，综治中心调解员精准梳理证据，释法明理，耐心协商，指导法官提供法律咨询，开展调解指导，在法律框架内促推纠纷高效化解，既保障了民营企业的合法债权，又确保了公共服务机构的良性运行，更维护了公平诚信的市场交易秩序，实现双赢多赢共赢。",河南,"null##案件基本情况：某商贸公司与某保健院签订《医疗机构医用耗材购销合同》，约定商贸公司向保健院供应一批医用耗材，合同总金额254823.54元。商贸公司按约供货并经保健院检验合格接收，但保健院未按约定支付货款，商贸公司催要无果后诉至法院，请求给付货款并按合同约定支付违约金。
裁判分析：本案争议焦点为付款方案是一次性付清还是分期支付。商贸公司已履行货物交付义务，主张按合同约定一次性支付货款；保健院因资金运转紧张请求分期履行并免除违约金。处理方式上，法院征得当事人同意后委托入驻综治中心调解员在法官指导下先行调解，调解员梳理案情核定证据，明确争议焦点，法官向保健院释明资金周转困难不能成为违约责任理由，进入审理程序可能承担额外成本，调解员向商贸公司说明保健院作为公共服务机构的特殊性，建议给予适当缓冲期，最终促使双方达成和解。
处理结果：双方达成和解，某保健院于2025年7月先偿还医用耗材款254823.54元的五分之一，剩余五分之四分期偿还完毕。
解纷依据：《中华人民共和国民法典》第577条、第579条、第628条
处理方式方法：本案系某保健院未及时支付货款引发的买卖合同纠纷。民营企业是社会经济发展的重要组成部分，通过调解等方式高效化解纠纷，可有效助企纾困，促进民营企业健康发展。本案中，法院快速启动先行调解程序，有效降低民营企业解纷成本，避免因纠纷久拖不决影响企业正常经营。调解过程中，综治中心调解员精准梳理证据，释法明理，耐心协商，指导法官提供法律咨询，开展调解指导，在法律框架内促推纠纷高效化解，既保障了民营企业的合法债权，又确保了公共服务机构的良性运行，更维护了公平诚信的市场交易秩序，实现双赢多赢共赢。",解纷案例,https://ydzk.chineselaw.com/ydzk/caseDetail/qwcase/93874072c68d481399c54c452965ad73,6.5022616,93874072c68d481399c54c452965ad73
"张某与某种业公司买卖合同纠纷调解案
在线调解化解跨省买卖合同纠纷",民事案件,"['合同、准合同纠纷', '合同纠纷', '买卖合同纠纷']",渭源县人民法院,"基本案情：2025年3月19日，张某与某种业公司达成买卖合同，张某以3.5万元价格购买种子并支付全部价款。同年4月17日，张某收到种子后发现部分存在质量问题，协商未果后诉至法院，请求退还种子款、运费、装车费等费用。
处理方式方法：第一步，因张某身处外省，调解员在法官指导下通过人民法院调解平台开展在线调解，了解张某诉求并疏导情绪，同时以“背靠背”调解与上门走访结合方式与某种业公司沟通，奠定调解基础。第二步，明确争议焦点为某种业公司对案涉种子质量应否承担责任，调解员向某种业公司释明拒不返还货款的法律后果及商誉影响，重点释明卖方货物瑕疵担保责任，使其认识到自身问题。第三步，组织双方计算损失，经多轮“背靠背”沟通，就退款金额、支付期限达成一致，通过人民法院调解平台达成调解协议并以电子签名在线确认。
处理结果：张某与某种业公司达成调解协议，某种业公司当场转账向张某全额退还种子购销款20250元。
处理方式方法：本案系跨省域种子买卖合同纠纷，事实清楚、法律关系明确、争议不大，通过调解解决具有便捷、高效、经济优势。针对双方不在同一地区情况，调解员借助人民法院调解平台线上调解，缓和情绪、把握核心关切，通过“背靠背”沟通、释法明理及多轮协商，避免矛盾升级，促纠纷实质化解并自动履行，实现案结事了人和。",甘肃,"null##基本案情：2025年3月19日，张某与某种业公司达成买卖合同，张某以3.5万元价格购买种子并支付全部价款。同年4月17日，张某收到种子后发现部分存在质量问题，协商未果后诉至法院，请求退还种子款、运费、装车费等费用。
处理方式方法：第一步，因张某身处外省，调解员在法官指导下通过人民法院调解平台开展在线调解，了解张某诉求并疏导情绪，同时以“背靠背”调解与上门走访结合方式与某种业公司沟通，奠定调解基础。第二步，明确争议焦点为某种业公司对案涉种子质量应否承担责任，调解员向某种业公司释明拒不返还货款的法律后果及商誉影响，重点释明卖方货物瑕疵担保责任，使其认识到自身问题。第三步，组织双方计算损失，经多轮“背靠背”沟通，就退款金额、支付期限达成一致，通过人民法院调解平台达成调解协议并以电子签名在线确认。
处理结果：张某与某种业公司达成调解协议，某种业公司当场转账向张某全额退还种子购销款20250元。
处理方式方法：本案系跨省域种子买卖合同纠纷，事实清楚、法律关系明确、争议不大，通过调解解决具有便捷、高效、经济优势。针对双方不在同一地区情况，调解员借助人民法院调解平台线上调解，缓和情绪、把握核心关切，通过“背靠背”沟通、释法明理及多轮协商，避免矛盾升级，促纠纷实质化解并自动履行，实现案结事了人和。",解纷案例,https://ydzk.chineselaw.com/ydzk/caseDetail/qwcase/bd1938ccb5c3425eafa8a6c46b51b269,6.5022616,bd1938ccb5c3425eafa8a6c46b51b269
"徐某与某村三社、任某合同纠纷调解案
基层单位联动化解涉农合同纠纷",民事案件,"['合同、准合同纠纷', '合同纠纷']",舒兰市人民法院,"基本案情：2005年，徐某承建某村委会村村通水泥板路工程，工程完工后该村三社未支付工程款，经村民大会决定用社里15亩机动地2006年至2025年的承包费抵顶欠付徐某的工程款，该机动地由任某、张某、娄某等7户村民耕种。后因村委会工作人员调整，徐某未收到承包费。2021年，徐某向耕种村民索要承包费，部分村民以150元/亩/年的价格和解支付，任某、张某、娄某以无承包合同为由拒付。2024年3月，徐某诉至法院，请求某村三社、任某给付承包费。
处理方式方法：法院为及时化解纠纷，征得当事人同意后，与乡镇司法所、村委会组建“法院+司法所+村委会”联合调解团队。一是梳理案情，三次赴村委会调取土地台账、实地走访、入户调查，查明2005年该村三社以5块机动地承包费抵顶徐某修路款，因村班子调整、地块不同致承包费价格有争议，徐某多次索要未果，仅收回部分承包费。二是分工负责，村委会向任某出示工程合同及抵账协议，结合地块差异从2005年开始按年分段计算承包费，明确任某履行义务基础，通过情理疏导使徐某接受分段计算方案，缓和对立情绪。三是共同协商，结合任某家庭困难及徐某近20年未收回工程款的实际情况，促成徐某减免部分费用、任某当场付清的协议。任某案调解成功后，张某、娄某主动与徐某达成和解并履行给付义务。
处理结果：任某与徐某达成调解协议并当场给付承包费，张某、娄某亦与徐某达成和解并给付承包费。
处理方式方法：本案系农村机动地承包费抵顶工程款引发的纠纷，涉及农村集体土地经营、工程价款、债权实现等多重法律关系，纠纷时间跨度近20年，村集体管理模式、土地耕种条件发生变化，承包费计算标准无书面约定，事实查明难度大，且发生于春耕备耕期，不及时处理易引发连锁反应。法院邀请村委会、司法所等基层单位联合调处，发挥其熟悉基层情况优势，实现司法资源与基层治理力量深度融合、协同联动，形成纠纷化解合力。调解团队找准矛盾切入点，明确承包费抵顶工程款的合法性，通过沟通劝解、释法明理、唤醒共鸣，建立信任关系，促使当事人主动履行，高效化解纠纷，保障农时，避免春耕延误，促使乡村矛盾就地化解，实现“小事不出村、大事不出镇、矛盾不上交”。",吉林,"null##基本案情：2005年，徐某承建某村委会村村通水泥板路工程，工程完工后该村三社未支付工程款，经村民大会决定用社里15亩机动地2006年至2025年的承包费抵顶欠付徐某的工程款，该机动地由任某、张某、娄某等7户村民耕种。后因村委会工作人员调整，徐某未收到承包费。2021年，徐某向耕种村民索要承包费，部分村民以150元/亩/年的价格和解支付，任某、张某、娄某以无承包合同为由拒付。2024年3月，徐某诉至法院，请求某村三社、任某给付承包费。
处理方式方法：法院为及时化解纠纷，征得当事人同意后，与乡镇司法所、村委会组建“法院+司法所+村委会”联合调解团队。一是梳理案情，三次赴村委会调取土地台账、实地走访、入户调查，查明2005年该村三社以5块机动地承包费抵顶徐某修路款，因村班子调整、地块不同致承包费价格有争议，徐某多次索要未果，仅收回部分承包费。二是分工负责，村委会向任某出示工程合同及抵账协议，结合地块差异从2005年开始按年分段计算承包费，明确任某履行义务基础，通过情理疏导使徐某接受分段计算方案，缓和对立情绪。三是共同协商，结合任某家庭困难及徐某近20年未收回工程款的实际情况，促成徐某减免部分费用、任某当场付清的协议。任某案调解成功后，张某、娄某主动与徐某达成和解并履行给付义务。
处理结果：任某与徐某达成调解协议并当场给付承包费，张某、娄某亦与徐某达成和解并给付承包费。
处理方式方法：本案系农村机动地承包费抵顶工程款引发的纠纷，涉及农村集体土地经营、工程价款、债权实现等多重法律关系，纠纷时间跨度近20年，村集体管理模式、土地耕种条件发生变化，承包费计算标准无书面约定，事实查明难度大，且发生于春耕备耕期，不及时处理易引发连锁反应。法院邀请村委会、司法所等基层单位联合调处，发挥其熟悉基层情况优势，实现司法资源与基层治理力量深度融合、协同联动，形成纠纷化解合力。调解团队找准矛盾切入点，明确承包费抵顶工程款的合法性，通过沟通劝解、释法明理、唤醒共鸣，建立信任关系，促使当事人主动履行，高效化解纠纷，保障农时，避免春耕延误，促使乡村矛盾就地化解，实现“小事不出村、大事不出镇、矛盾不上交”。",解纷案例,https://ydzk.chineselaw.com/ydzk/caseDetail/qwcase/6f2e809adf5d483a865fe6cefa3945af,6.5022616,6f2e809adf5d483a865fe6cefa3945af
"甲物流公司与乙物流公司运输合同纠纷调解案
法院指导行业调解组织化解运输合同纠纷",民事案件,"['合同、准合同纠纷', '合同纠纷', '运输合同纠纷']",临沂市兰山区人民法院,"案件基本情况：甲物流公司与乙物流公司解除合作关系前，甲委托乙运输17箱劳保鞋至某市。乙运达后以甲尚欠运费为由不让收货人提货。甲对欠款金额不认可，称未最终结算，乙坚持甲支付欠款后再放货，双方产生纠纷并投诉至交通物流矛盾调处中心。
处理方式方法：交通物流矛盾调处中心指派物流行业人民调解员调解，因双方分歧大，调解员联系对接法院，由法院指派法官指导调解。指导法官建议双方带合作期间账目现场核对。调解中，调解员从物流行业行规说明承运人留置货物普遍性以降低甲抵触情绪；指导法官向甲说明拒绝付款的责任后果（诉讼费、滞纳金、扩大损失等），向乙分析货物滞留损失、留置权行使条件及滥用留置权可能面临的赔偿责任，进行“判决预告知”，促成双方利益交换。
处理结果：双方达成调解协议，甲物流公司现场向乙物流公司支付欠款15000元，乙物流公司收款后立即通知目的地收货人提货。
处理方式方法：物流运输纠纷涉及合同违约、货损赔偿、运费拖欠等，若一律通过诉讼程序解决，耗时长且流程复杂、费用较高，可能导致货物滞留、车辆扣留等问题。本案中，虽然纠纷涉及的金额不大，但涉及货主、托运人、承运人、收货人等多方主体的利益，如不及时化解，易给双方当事人带来更大的损失。在调解过程中，行业调解员充分发挥专业特长和职业优势，侧重利益调和，利用行业惯例和灵活方案引导双方通过协商方式高效化解纠纷；指导法官则发挥指导调解职能，从法律层面分析利弊，与调解员形成调解合力，不仅有力保障承运人债权，又避免因业务中断导致物流效率降低，实现案结事了、多赢共赢。",山东,"null##案件基本情况：甲物流公司与乙物流公司解除合作关系前，甲委托乙运输17箱劳保鞋至某市。乙运达后以甲尚欠运费为由不让收货人提货。甲对欠款金额不认可，称未最终结算，乙坚持甲支付欠款后再放货，双方产生纠纷并投诉至交通物流矛盾调处中心。
处理方式方法：交通物流矛盾调处中心指派物流行业人民调解员调解，因双方分歧大，调解员联系对接法院，由法院指派法官指导调解。指导法官建议双方带合作期间账目现场核对。调解中，调解员从物流行业行规说明承运人留置货物普遍性以降低甲抵触情绪；指导法官向甲说明拒绝付款的责任后果（诉讼费、滞纳金、扩大损失等），向乙分析货物滞留损失、留置权行使条件及滥用留置权可能面临的赔偿责任，进行“判决预告知”，促成双方利益交换。
处理结果：双方达成调解协议，甲物流公司现场向乙物流公司支付欠款15000元，乙物流公司收款后立即通知目的地收货人提货。
处理方式方法：物流运输纠纷涉及合同违约、货损赔偿、运费拖欠等，若一律通过诉讼程序解决，耗时长且流程复杂、费用较高，可能导致货物滞留、车辆扣留等问题。本案中，虽然纠纷涉及的金额不大，但涉及货主、托运人、承运人、收货人等多方主体的利益，如不及时化解，易给双方当事人带来更大的损失。在调解过程中，行业调解员充分发挥专业特长和职业优势，侧重利益调和，利用行业惯例和灵活方案引导双方通过协商方式高效化解纠纷；指导法官则发挥指导调解职能，从法律层面分析利弊，与调解员形成调解合力，不仅有力保障承运人债权，又避免因业务中断导致物流效率降低，实现案结事了、多赢共赢。",解纷案例,https://ydzk.chineselaw.com/ydzk/caseDetail/qwcase/24fe71a842c24b468dee72e420f25f4d,6.5022616,24fe71a842c24b468dee72e420f25f4d
"某食品公司与陈某买卖合同纠纷调解案
“法院+商会”化解小微民营企业买卖合同纠纷",民事案件,"['合同、准合同纠纷', '合同纠纷', '买卖合同纠纷']",泗阳县人民法院,"案件基本情况：某食品公司（小微企业，主营馄饨、水饺销售）与批发商陈某自2021年10月起存在水饺买卖合作，陈某不定期订购，食品公司负责运送。合作一年后结算，陈某共欠货款近5万元，仅偿还2万元，剩余3万元拖欠未付，食品公司催要无果后诉至法院。
争议焦点：双方争议焦点为欠款具体数额，陈某主张部分水饺在运输过程中被挤压变形导致无法售卖，该部分损失应由某食品公司承担。
裁判分析：法院征得当事人同意后，将案件委托当地水饺产业联合会调解，并指定专职调解员提供法律支持。水饺产业联合会结合行业经验与规则，就水饺价格、运输费用、路途损耗、产品质量与食品安全等提出专业意见，专职调解员从激发市场主体活力、小微企业可持续发展、诚信经营等方面向双方释明。同时，水饺产业联合会邀请某食品公司入会以提供政策性支持缓解其经济压力与发展困境，并联合专职调解员两次组织陈某调解，引导双方换位思考、各退一步，最终促成双方达成一致。
判决结果：双方达成调解协议，对货款进行分期付款并已履行完毕，纠纷圆满解决。
处理方式方法：本案为涉小微企业买卖合同纠纷，若通过诉讼程序解决，追回欠款周期较长，一定程度上影响企业资金周转，不利于保护其合法权益。邀请商会参与调解民营经济领域纠纷，推动行业力量和司法资源有效衔接，不仅可以发挥商会专业优势，结合行业经验与规则，在涉及专业问题时给予专业的判断、意见，消除双方当事人之间的疑虑；同时能够发挥其援助功能，对调解过程中发现的面临困境的小微企业、个体工商户等给予政策性支持，最大限度维护企业合法权益。本案中，法院依托与工商联建立的“法院+商会”联调机制，通过邀请商会及专职调解员共同参与调解，既帮助企业通过调解方式追回欠款，又节约了当事人解纷成本，缓解了企业资金压力，保障后续生产经营平稳有序，助力优化法治化营商环境。",江苏,"null##案件基本情况：某食品公司（小微企业，主营馄饨、水饺销售）与批发商陈某自2021年10月起存在水饺买卖合作，陈某不定期订购，食品公司负责运送。合作一年后结算，陈某共欠货款近5万元，仅偿还2万元，剩余3万元拖欠未付，食品公司催要无果后诉至法院。
争议焦点：双方争议焦点为欠款具体数额，陈某主张部分水饺在运输过程中被挤压变形导致无法售卖，该部分损失应由某食品公司承担。
裁判分析：法院征得当事人同意后，将案件委托当地水饺产业联合会调解，并指定专职调解员提供法律支持。水饺产业联合会结合行业经验与规则，就水饺价格、运输费用、路途损耗、产品质量与食品安全等提出专业意见，专职调解员从激发市场主体活力、小微企业可持续发展、诚信经营等方面向双方释明。同时，水饺产业联合会邀请某食品公司入会以提供政策性支持缓解其经济压力与发展困境，并联合专职调解员两次组织陈某调解，引导双方换位思考、各退一步，最终促成双方达成一致。
判决结果：双方达成调解协议，对货款进行分期付款并已履行完毕，纠纷圆满解决。
处理方式方法：本案为涉小微企业买卖合同纠纷，若通过诉讼程序解决，追回欠款周期较长，一定程度上影响企业资金周转，不利于保护其合法权益。邀请商会参与调解民营经济领域纠纷，推动行业力量和司法资源有效衔接，不仅可以发挥商会专业优势，结合行业经验与规则，在涉及专业问题时给予专业的判断、意见，消除双方当事人之间的疑虑；同时能够发挥其援助功能，对调解过程中发现的面临困境的小微企业、个体工商户等给予政策性支持，最大限度维护企业合法权益。本案中，法院依托与工商联建立的“法院+商会”联调机制，通过邀请商会及专职调解员共同参与调解，既帮助企业通过调解方式追回欠款，又节约了当事人解纷成本，缓解了企业资金压力，保障后续生产经营平稳有序，助力优化法治化营商环境。",解纷案例,https://ydzk.chineselaw.com/ydzk/caseDetail/qwcase/4f60c69f3b504832a20fab8890e77d04,6.5022616,4f60c69f3b504832a20fab8890e77d04
"某新型材料公司与某公司买卖合同纠纷调解案
商会异步调解化解买卖合同纠纷",民事案件,"['合同、准合同纠纷', '合同纠纷', '买卖合同纠纷']",最高人民法院,"案件基本情况：2017年10月，某新型材料公司向某公司供货，货款价值88120元；同年11月11日双方对账后，某公司陆续给付货款，截止2020年9月1日尚欠38102元未付，某新型材料公司诉至法院要求支付欠付货款。
处理方式方法：法院审核起诉材料后，因纠纷涉及两家民营企业，征得当事人同意后委派商会调解组织调解。调解员认为纠纷事实清楚（有对账及还款凭证），双方存在长期合作关系具备调解基础。鉴于双方因各自原因无法同时参加诉讼活动，一方在外地往返成本高且因工作无法及时参与调解导致时间无法统一，调解员采取“在线异步调解”方式，在线总结争议焦点，分别沟通并阐明异步调解规则，当事人利用工作间隙回复意见。针对开具发票争议及时释明，最终促成双方达成调解协议。
处理结果：某公司承诺于双方约定期限前支付完毕货款，并在期限届满前主动履行了支付义务，双方纠纷得到实质解决。
处理方式方法：本案中，调解组织采用“在线异步调解”方式，对调解方式进行创新，突破了时间和空间的限制，当事人可以根据自己的时间灵活参与调解。这种相对便利的调解方式，为双方当事人争取了充足的思考问题的时间和空间，最大限度保障了当事人合法权益，为双方自主调解和主动履行调解协议奠定基础。",最高,"null##案件基本情况：2017年10月，某新型材料公司向某公司供货，货款价值88120元；同年11月11日双方对账后，某公司陆续给付货款，截止2020年9月1日尚欠38102元未付，某新型材料公司诉至法院要求支付欠付货款。
处理方式方法：法院审核起诉材料后，因纠纷涉及两家民营企业，征得当事人同意后委派商会调解组织调解。调解员认为纠纷事实清楚（有对账及还款凭证），双方存在长期合作关系具备调解基础。鉴于双方因各自原因无法同时参加诉讼活动，一方在外地往返成本高且因工作无法及时参与调解导致时间无法统一，调解员采取“在线异步调解”方式，在线总结争议焦点，分别沟通并阐明异步调解规则，当事人利用工作间隙回复意见。针对开具发票争议及时释明，最终促成双方达成调解协议。
处理结果：某公司承诺于双方约定期限前支付完毕货款，并在期限届满前主动履行了支付义务，双方纠纷得到实质解决。
处理方式方法：本案中，调解组织采用“在线异步调解”方式，对调解方式进行创新，突破了时间和空间的限制，当事人可以根据自己的时间灵活参与调解。这种相对便利的调解方式，为双方当事人争取了充足的思考问题的时间和空间，最大限度保障了当事人合法权益，为双方自主调解和主动履行调解协议奠定基础。",解纷案例,https://ydzk.chineselaw.com/ydzk/caseDetail/qwcase/62fa27c7f7da4b9cb483c0428c7fb9e1,6.4050255,62fa27c7f7da4b9cb483c0428c7fb9e1
"张某等13人与某幼儿园劳动合同纠纷调解案
“法院+工会”联动化解劳动合同纠纷",民事案件,"['劳动争议', '劳动争议、人事争议', '劳动合同纠纷']",大连市沙河口区人民法院,"案件基本情况：张某等13人系某幼儿园工作人员，双方于2024年8月底解除劳动合同。因幼儿园未足额支付2024年8月工资及解除劳动合同经济补偿金，张某等13人诉至法院。
处理方式方法：法院联合工会调解团队开展先行调解。一是联系幼儿园法定代表人，使其委托父亲作为代理人参与调解；二是分别了解双方情况，梳理诉求、工资支付、合同解除等相关情况及法律关系和权利义务；三是针对双方对工资及经济补偿金数额确定和支付时间的分歧，采用“背靠背”调解方式，释明诉讼成本，结合劳动者具体情况给出针对性建议，促成双方达成一致。
处理结果：双方达成调解协议，由某幼儿园分期支付工资和经济补偿金。
解纷依据：《中华人民共和国劳动合同法》第30条、第46条、第47条
处理方式方法：劳动合同纠纷涉及劳动者切身利益和企业用工稳定，也关乎民生权益保护和营商环境建设。本案中，某幼儿园因经营亏损难以短期内支付大额资金，部分劳动者亦因拖欠工资影响正常生活。为及时化解纠纷，通过“法院+工会”多元解纷机制，会同工会调解团队，及时高效开展调解工作。工会调解团队从法理和情理出发，发挥专业优势，化解双方负面情绪，搭建有效沟通桥梁，并结合劳动者具体情况，针对性地给出切实可行的调解方案，促成纠纷得到实质化解，不仅最大程度保障劳动者合法权益，也通过“柔性”方式使某幼儿园得以正常运转，实现案结事了人和目标。",辽宁,"null##案件基本情况：张某等13人系某幼儿园工作人员，双方于2024年8月底解除劳动合同。因幼儿园未足额支付2024年8月工资及解除劳动合同经济补偿金，张某等13人诉至法院。
处理方式方法：法院联合工会调解团队开展先行调解。一是联系幼儿园法定代表人，使其委托父亲作为代理人参与调解；二是分别了解双方情况，梳理诉求、工资支付、合同解除等相关情况及法律关系和权利义务；三是针对双方对工资及经济补偿金数额确定和支付时间的分歧，采用“背靠背”调解方式，释明诉讼成本，结合劳动者具体情况给出针对性建议，促成双方达成一致。
处理结果：双方达成调解协议，由某幼儿园分期支付工资和经济补偿金。
解纷依据：《中华人民共和国劳动合同法》第30条、第46条、第47条
处理方式方法：劳动合同纠纷涉及劳动者切身利益和企业用工稳定，也关乎民生权益保护和营商环境建设。本案中，某幼儿园因经营亏损难以短期内支付大额资金，部分劳动者亦因拖欠工资影响正常生活。为及时化解纠纷，通过“法院+工会”多元解纷机制，会同工会调解团队，及时高效开展调解工作。工会调解团队从法理和情理出发，发挥专业优势，化解双方负面情绪，搭建有效沟通桥梁，并结合劳动者具体情况，针对性地给出切实可行的调解方案，促成纠纷得到实质化解，不仅最大程度保障劳动者合法权益，也通过“柔性”方式使某幼儿园得以正常运转，实现案结事了人和目标。",解纷案例,https://ydzk.chineselaw.com/ydzk/caseDetail/qwcase/e21db1411aa2440baf3ce2b780ae7a0a,6.4050255,e21db1411aa2440baf3ce2b780ae7a0a
"某殡仪公司与陈某殡葬服务合同纠纷调解案
综治中心牵头多部门实质化解殡葬服务合同纠纷",民事案件,"['合同、准合同纠纷', '合同纠纷']",安化县人民法院,"基本案情：陈某委托某殡仪公司提供治丧服务，服务费共21078元。双方就费用支付及服务质量产生争议，陈某主张殡仪公司遗体保存不当且负责人曾口头承诺减免费用未兑现，故拒绝全额支付并要求道歉；殡仪公司称服务符合规范，否认减费承诺，要求全额支付。协商未果后殡仪公司诉至法院。
处理方式方法：法院征得双方同意后，由综治中心牵头，联合法院、信访等单位及行业主管单位组成调解小组化解纠纷。核心争议焦点为殡仪公司是否服务履行不当、陈某是否应承担基本付款义务、情感诉求与合同责任如何平衡及费用减免合理范围。调解小组采取“情感疏导—责任厘清—方案共商”三步策略：第一阶段对陈某进行情绪安抚与法律释明，阐明其应承担基本付款义务及自身存在一定过错，同时联合主管单位对殡仪公司展开行业引导，指出其服务存在瑕疵并建议适度减免费用；第二阶段“背靠背”沟通探明双方可接受费用区间；第三阶段组织“面对面”协商，提出“折中支付+服务承诺”方案，促成双方和解。
处理结果：双方达成调解协议，某殡仪公司减免11078元，陈某放弃要求道歉并支付调整后的费用，殡仪公司承诺优化服务告知流程。
处理方式方法：本案系殡葬服务合同履行中因家属质疑“遗体保存不当”引发的纠纷，具有情感因素突出、事实认定困难、易触及公序良俗等特点。综治中心牵头，联合法院、信访等单位及行业主管单位组成调解小组，通过“情感疏导—责任厘清—方案共商”三步推进策略化解纠纷。首先对陈某进行情绪安抚与法律释明，阐明其基本付款义务及过错，同时联合主管单位引导殡仪公司，指出其服务瑕疵并建议减免费用；接着“背靠背”沟通探明双方费用底线；最后组织“面对面”协商，提出“折中支付+服务承诺”方案，促成双方和解，实现“事心双解”。",湖南,"null##基本案情：陈某委托某殡仪公司提供治丧服务，服务费共21078元。双方就费用支付及服务质量产生争议，陈某主张殡仪公司遗体保存不当且负责人曾口头承诺减免费用未兑现，故拒绝全额支付并要求道歉；殡仪公司称服务符合规范，否认减费承诺，要求全额支付。协商未果后殡仪公司诉至法院。
处理方式方法：法院征得双方同意后，由综治中心牵头，联合法院、信访等单位及行业主管单位组成调解小组化解纠纷。核心争议焦点为殡仪公司是否服务履行不当、陈某是否应承担基本付款义务、情感诉求与合同责任如何平衡及费用减免合理范围。调解小组采取“情感疏导—责任厘清—方案共商”三步策略：第一阶段对陈某进行情绪安抚与法律释明，阐明其应承担基本付款义务及自身存在一定过错，同时联合主管单位对殡仪公司展开行业引导，指出其服务存在瑕疵并建议适度减免费用；第二阶段“背靠背”沟通探明双方可接受费用区间；第三阶段组织“面对面”协商，提出“折中支付+服务承诺”方案，促成双方和解。
处理结果：双方达成调解协议，某殡仪公司减免11078元，陈某放弃要求道歉并支付调整后的费用，殡仪公司承诺优化服务告知流程。
处理方式方法：本案系殡葬服务合同履行中因家属质疑“遗体保存不当”引发的纠纷，具有情感因素突出、事实认定困难、易触及公序良俗等特点。综治中心牵头，联合法院、信访等单位及行业主管单位组成调解小组，通过“情感疏导—责任厘清—方案共商”三步推进策略化解纠纷。首先对陈某进行情绪安抚与法律释明，阐明其基本付款义务及过错，同时联合主管单位引导殡仪公司，指出其服务瑕疵并建议减免费用；接着“背靠背”沟通探明双方费用底线；最后组织“面对面”协商，提出“折中支付+服务承诺”方案，促成双方和解，实现“事心双解”。",解纷案例,https://ydzk.chineselaw.com/ydzk/caseDetail/qwcase/d49bfae154ad47059a256454f000e04f,6.4050255,d49bfae154ad47059a256454f000e04f
"张某等13人与某科技公司劳动合同纠纷调解案
“法院+工会”联动化解劳动合同纠纷",民事案件,"['劳动争议', '劳动争议、人事争议', '劳动合同纠纷']",大连市沙河口区人民法院,"基本案情：2024年8月，张某等13人从某科技公司离职，双方解除劳动合同。因某科技公司拖欠张某等13人两个月的工资，张某等13人提起劳动仲裁，后诉至法院。
裁判分析：争议焦点为某科技公司是否应向张某等13人支付拖欠的工资。相关事实为张某等13人已从某科技公司离职，公司拖欠其两个月工资。法院依据《中华人民共和国劳动合同法》第30条，认为用人单位有义务按时足额支付劳动报酬，张某等13人已提供劳动，某科技公司应支付拖欠工资。
判决结果：张某等13人与某科技公司达成调解协议，由某科技公司向其支付工资。
处理方式方法：本案系用人单位欠薪纠纷。做好及时妥善化解工作，关系劳动者切身利益和企业用工稳定，也关系民生权益保护和营商环境建设。本案中，企业因资金周转困境未及时支付劳动者工资，部分劳动者因拖欠工资影响正常生活，且有未起诉的其他劳动者正在“观望”。为及时化解纠纷，依托“法院+工会”多元解纷机制，法院邀请工会参与调解，发挥工会“娘家人”作用，有效安抚劳动者情绪，搭建双方畅通有效的沟通桥梁，针对性地给出切实可行的调解建议；法院则发挥指导调解职能，通过释法明理，引导双方最终达成一致意见，实质化解纠纷，不仅最大程度保障劳动者合法权益，还通过以案释法，积极协调，督促某科技公司参照该方案及时支付其他未起诉劳动者的工资，从源头预防减少类似纠纷，维护和谐劳动关系。",辽宁,"null##基本案情：2024年8月，张某等13人从某科技公司离职，双方解除劳动合同。因某科技公司拖欠张某等13人两个月的工资，张某等13人提起劳动仲裁，后诉至法院。
裁判分析：争议焦点为某科技公司是否应向张某等13人支付拖欠的工资。相关事实为张某等13人已从某科技公司离职，公司拖欠其两个月工资。法院依据《中华人民共和国劳动合同法》第30条，认为用人单位有义务按时足额支付劳动报酬，张某等13人已提供劳动，某科技公司应支付拖欠工资。
判决结果：张某等13人与某科技公司达成调解协议，由某科技公司向其支付工资。
处理方式方法：本案系用人单位欠薪纠纷。做好及时妥善化解工作，关系劳动者切身利益和企业用工稳定，也关系民生权益保护和营商环境建设。本案中，企业因资金周转困境未及时支付劳动者工资，部分劳动者因拖欠工资影响正常生活，且有未起诉的其他劳动者正在“观望”。为及时化解纠纷，依托“法院+工会”多元解纷机制，法院邀请工会参与调解，发挥工会“娘家人”作用，有效安抚劳动者情绪，搭建双方畅通有效的沟通桥梁，针对性地给出切实可行的调解建议；法院则发挥指导调解职能，通过释法明理，引导双方最终达成一致意见，实质化解纠纷，不仅最大程度保障劳动者合法权益，还通过以案释法，积极协调，督促某科技公司参照该方案及时支付其他未起诉劳动者的工资，从源头预防减少类似纠纷，维护和谐劳动关系。",解纷案例,https://ydzk.chineselaw.com/ydzk/caseDetail/qwcase/3f6eb7ccfd964c78bf1582156ae0660a,6.3986115,3f6eb7ccfd964c78bf1582156ae0660a
